facility_id	facility_name	city	state	uti_rate	abilities_goals	self_care_ability_improved	mobility_improved	self_care_expectation_met	mobility_expectation_met	fall_rate	cdi_rate	flu_vax_rate	readmission_rate_after	readmission_rate_during	rate_return	mspb	medications_reviewed	pressure_ulcers
013025	ENCOMPASS HEALTH LAKESHORE REHABILITATION HOSPITAL	BIRMINGHAM	AL	1.446	99.7	12.8	29.3	59.3	49.8	0	0.775	69.2	6.66	4.98	69.92	1.06	99.6	0.5
013028	ENCOMPASS REHABILITATION HOSPITAL OF MONTGOMERY	MONTGOMERY	AL	0.358	99.7	12.7	29.4	57.8	50.1	0.4	0.99	66.8	7.5	4.49	69.32	0.99	99.3	2.4
013029	ENCOMPASS HEALTH REHABILITATION HOSPITAL NORTH  AL	HUNTSVILLE	AL	0	99.8	11	24.5	46.6	35.2	0.2	0.092	82.4	7.45	5.22	70.33	0.95	98.5	0.5
013030	ENCOMPASS HEALTH REHABILITATION HOSPITAL OF DOTHAN	DOTHAN	AL	0	99.8	12.4	28.9	53.9	46.9	0.2	0.257	85.4	7.49	3.93	69.96	1.02	99.6	0.3
013032	ENCOMPASS HEALTH REHABILITATION HOSPITAL GADSDEN	GADSDEN	AL	0	99.9	14.3	38.4	68.6	71.5	0.3	0	92	7.65	5.74	67.57	1.05	99.1	0.3
013033	REGIONAL REHABILITATION HOSPITAL	PHENIX CITY	AL	1.644	99.8	13.8	31.3	66	55.1	0.1	0.572	95.7	6.3	4.45	68.78	1.02	98.9	1.5
01T033	SPAIN REHABILITATION CENTER	BIRMINGHAM	AL	1.301	100	8.3	18.5	22.3	16.2	0.2	0.099	94.9	6.39	4.01	69.43	0.91	99.8	0.4
01T092	DCH REHABILITATION CENTER	TUSCALOOSA	AL	1.33	99.5	11.5	24.9	47.6	33.7	0.2	1.561	94.2	6.62	2.97	58.81	1.02	95	0.5
01T113	MOBILE INFIRMARY	MOBILE	AL	1.867	100	9.1	22.7	30.4	28	0	0.482	95.2	7.15	4.39	68.72	0.94	95	1.7
01T157	JW SOMMER REHABILITATION UNIT	MUSCLE SHOALS	AL	1.481	99.6	12.2	28.2	53	41.9	0	0	94	6.62	5.87	63.88	0.97	99.3	2.1
033025	ENCOMPASS HEALTH REHAB HOSPITAL OF SCOTTSDALE	SCOTTSDALE	AZ	0	99.1	12.5	31.6	58.2	59.5	0.2	0	89.7	6.03	5.26	66.68	0.96	98.9	1.9
033028	ENCOMPASS HEALTH REHABILITATION INSTITUTE OF TUCSO	TUCSON	AZ	0	98	12.5	28.3	63.5	48	0.1	0.977	93.7	6.7	5.56	68.81	0.95	99.8	0.6
033029	ENCOMPASS HEALTH REHABILITATION HOSPITAL OF NORTHW	TUCSON	AZ	3.141	99.7	13.1	32.4	66.3	58.6	0.1	1.312	75.1	6.31	4.69	66.45	0.98	99.3	0.1
033032	ENCOMPASS HEALTH VALLEY OF THE SUN REHAB HOSPITAL	GLENDALE	AZ	2.472	98.5	12.3	26.7	59.6	43.2	0.3	0.717	66.6	6.93	5.63	66.9	1	98.9	3
033034	YUMA REHABILITATION HOSPITAL,AN AFFILIATION OF ENC	YUMA	AZ	1.832	99.8	12.9	32.8	63.2	65.2	0.3	0.39	87.6	6.34	4.5	67.11	0.88	99.4	1.2
033036	MOUNTAIN VALLEY REGIONAL REHABILITATION HOSPITAL	PRESCOTT VALLEY	AZ	1.412	100	14.8	33.6	76.7	62.6	0.1	0.5	94.7	7.47	4.62	70.4	1.02	99.9	1.3
033037	ENCOMPASS HEALTH REHABILITATION HOSPITAL OF EAST V	MESA	AZ	1.951	100	12.8	29.7	62	53	0.2	0.759	86.7	6.51	5.24	64.72	1	99.4	0.4
033038	GLOBALREHAB - SCOTTSDALE, LLC	SCOTTSDALE	AZ	0	100	13.6	30.9	69.1	59.1	0.1	0.095	79.9	6.51	4.76	69.99	0.93	99.3	0.2
033040	DIGNITY HEALTH EAST VALLEY REHABILITATION HOSPITAL	CHANDLER	AZ	1.676	99.7	14.2	33.6	72.3	64.9	0.1	0.689	86.1	6.43	4.54	70.92	1.01	91.9	0.4
03T002	BANNER UNIVERSITY MEDICINE	PHOENIX	AZ	2.918	99.5	13.3	34.1	64.2	66.7	0	1.438	98.8	6.17	3.8	65.81	0.91	94.9	0.9
03T010	CARONDELET ST. MARY'S HOSPITAL	TUCSON	AZ	0	99.7	12.6	26.9	65.6	44.6	0.3	0	99.6	6.64	4.62	65.71	0.98	99.2	2
03T011	CARONDELET ST JOSEPH'S INPATIENT REHABILITATION	TUCSON	AZ	2.844	100	13	33.6	63.1	64.4	0	1.921	97.6	6.87	4.27	67.85	0.99	98.8	3
03T024	ST JOSEPHS HOSP	PHOENIX	AZ	1.699	100	10.1	24.1	36	33.3	0	0.62	88	6.65	3.89	67.59	1.02	99.7	1.5
03T061	BANNER BOSWELL MEDICAL CENTER - ACUTE REHABILITATI	SUN CITY	AZ	0.633	100	13.7	34.8	63.3	68.8	0.3	0	89.6	6.45	3.41	85.01	0.99	98.4	0.4
03T088	BANNER BAYWOOD MEDICAL CENTER	MESA	AZ	2.465	99.3	12.1	29.6	51	50.1	0.2	1.289	100	6.45	3.39	64.95	0.97	96.8	2
03T093	DEL E. WEBB MEMORIAL HOSPITAL	SUN CITY WEST	AZ	0	99.7	14.6	35	71.3	67.5	0	0	93.9	5.77	3.42	79.98	0.92	99.2	1.3
043026	BAPTIST HEALTH REHABILITATION INSTITUTE	LITTLE ROCK	AR	0.664	100	13.4	31.7	66.3	58.3	0.1	0.587	41.6	6.56	3.87	65.59	0.96	99	0.3
043028	ENCOMPASS HEALTH REHABILITATION HOSPITAL FT SMITH	FORT SMITH	AR	0	98.7	12.8	34.8	65	67.1	0.2	0.453	91.7	6.53	4.45	69.63	1	98.1	0.5
043029	ENCOMPASS HEALTH REHABILITATION HOSPITAL	JONESBORO	AR	0	100	14.2	39.1	76.7	75.4	0.1	1.159	96.5	8.31	6.52	66.84	1.01	99.4	0.4
043031	CHI ST VINCENT SHERWOOD REHABILITATION HOSPITAL	SHERWOOD	AR	3.143	99.3	12	32.6	57.1	61.8	0.5	0.215	93.5	7.88	5.01	68.9	0.99	99.1	2.6
043032	ENCOMPASS HEALTH REHAB HOSP A PARTNER OF WASH REG	FAYETTEVILLE	AR	0	99.9	13.4	35.2	67.5	67.8	0.1	0	95.1	5.35	5.98	74.5	0.95	96.8	1
04T027	BAXTER REGIONAL MEDICAL CENTER	MOUNTAIN HOME	AR	1.516	100	11.7	26.1	48.8	45.1	0	0.853	96.1	6.18	3.38	66.42	1.05	99.8	0.6
053031	ENCOMPASS HEALTH REHABILITATON HOSPITAL OF BAKERS	BAKERSFIELD	CA	0	98.5	11	25.4	46.5	39.9	0.4	0.134	86	8.01	5.04	69.97	0.96	99	2.3
053032	SAN JOAQUIN VALLEY REHABILITATION HOSP	FRESNO	CA	0	100	11.4	27.9	45.2	41.6	0.3	0.421	93.6	6.62	5.26	65.27	0.96	78.4	0.6
053034	ENCOMPASS HEALTH REHABILITATION HOSPITAL OF TUSTIN	TUSTIN	CA	0.547	99	12.4	28.8	58	49.9	0	0.563	87.8	5.94	5.13	64.63	1.03	99.5	2.1
053037	BALLARD REHABILITATION HOSPITAL	SAN BERNARDINO	CA	0	100	11.2	25.6	49.5	41.5	0.4	0.928	90.7	6.49	4.51	57.07	1.05	22.3	1
053039	CALIFORNIA REHABILITATION INSTITUTE, LLC	LOS ANGELES	CA	0.312	100	9.8	22	34.1	25.6	0.2	0.558	92.4	6.88	4.88	66.92	1.08	99	0.6
053040	ENCOMPASS HEALTH REHABILITATION HOSPITAL OF MODEST	MODESTO	CA	1.393	99.8	11.8	27.3	55.2	44.8	0	1.042	96	6.1	3.91	69.94	1.02	99.6	1.4
05T008	CALIFORNIA PACIFIC REGIONAL REHABILITATION CENTER	SAN FRANCISCO	CA	0.693	100	12.7	29.4	62.5	51.8	0	0	81.4	6.14	3.75	74.17	0.92	96.8	0.3
05T038	SANTA CLARA VALLEY MEDICAL CENTER	SAN JOSE	CA	0.74	99.7	10.7	22.3	40.4	25.7	0.3	0.947	90.8	6.31	4.32	71.2	1.11	76.3	0.2
05T043	ALTA BATES SUMMIT MEDICAL CENTER	OAKLAND	CA	0.643	100	11.1	25.9	44.5	36.9	0	0.439	82.9	6.63	2.99	77.93	0.96	99.9	0.2
05T060	LEON S PETERS REHABILATION	FRESNO	CA	1.301	99.7	8	20.7	15.6	22.7	0	0.887	84.4	6.86	3.95	70.93	0.79	99.2	0.5
05T107	MARIAN REGIONAL MEDICAL CENTER	SANTA MARIA	CA	0	99.7	14	31.7	73.7	62.5	0	0.699	94.2	6.61	4.21	65.55	0.93	100	0.3
05T115	PALOMAR MEDICAL CENTER	ESCONDIDO	CA	0.837	100	11.9	31.2	55.7	59.4	0	0.424	91.3	6.17	4.59	66.37	0.92	100	0
05T116	NORTHRIDGE HOSPITAL MEDICAL CENTER	NORTHRIDGE	CA	0.755	99.7	11.5	28.6	45.4	43.9	0	0.308	88	6.42	4.07	71.66	1.13	99.3	0.8
05T135	SOUTHERN CALIFORNIA HOSPITAL AT CULVER CITY	CULVER CITY	CA	0	100	11.1	23.9	46.4	31.4	0.4	1.557	89.6	7.95	5.51	49.3	1.24	98.8	1.5
05T168	ST. JUDE MEDICAL CENTER	FULLERTON	CA	0	100	13.4	27.4	62.1	42.9	0.2	0	83.3	6.29	4.33	68.48	0.9	99.8	0.2
05T204	PALMDALE REGIONAL MEDICAL CTR	PALMDALE	CA	0.814	100	14.9	33.6	76.8	67.4	0.7	0	88.5	7.1	4.03	67.53	1.15	99.7	0
05T309	SUTTER ROSEVILLE MEDICAL CENTER	ROSEVILLE	CA	0	100	11.6	29.2	50.1	48.4	0.1	0.16	91.7	6.05	2.65	73	0.9	99.9	0.6
05T327	LOMA LINDA UNIVERSITY MEDICAL CENTER	LOMA LINDA	CA	2.871	100	15.3	35.5	72.1	64.4	0	0.7	67.6	6.27	4.21	63.66	1.02	98.1	1.6
05T567	MISSION HOSPITAL	MISSION VIEJO	CA	0.87	100	12	23.4	54.1	31.4	0	1.041	57	5.97	3.75	74	0.98	97.4	0.3
05T717	LAC/RANCHO LOS AMIGOS NATIONAL MED CTR	DOWNEY	CA	0.696	100	11.7	25.1	50.6	39.2	0	0.321	85.7	6.57	3.96	65.84	1.25	99.5	0
05T782	CASA COLINA HOSP FOR REHAB MEDICINE	POMONA	CA	0	100	14.4	33.8	71.2	63.4	0	0.282	83.8	5.88	5.07	64.96	1.01	72.8	0.4
063027	SPALDING REHABILITATION HOSPITAL	AURORA	CO	1.527	100	14.6	35.8	75.8	72	0	0.958	75	6.6	4.83	64.65	0.98	98.5	0.2
063030	ENCOMPASS HEALTH REHABILITATION HOSPITAL OF CO SPG	COLORADO SPRINGS	CO	4.01	99.9	14.1	31.8	71.2	57.7	0	0.915	91.9	5.82	4.85	59.57	0.94	97.4	0.6
063034	ENCOMPASS HEALTH REHAB HOSPITAL OF LITTLETON	LITTLETON	CO	1.723	99.7	12.9	33.9	65.5	67.3	0.4	0.234	97.7	6.07	6.99	60.76	1.01	98.4	1.4
06T015	CENTURA HEALTH-ST. ANTHONY HOSPITAL	LAKEWOOD	CO	0	100	13.9	31.6	69.3	57.9	0	0.326	100	6.59	4.34	69.77	0.9	99.7	0.6
06T031	CAPRON NEURO AND TRAUMA REHABILITATION CENTER	COLORADO SPRINGS	CO	2.217	100	12.8	29.1	61.1	50.4	0	0	99.2	6.7	3.5	61.93	1	100	0.9
07T033	DANBURY HOSPITAL	DANBURY	CT	1.762	100	10.1	23.4	35.5	33.3	0	0	95.4	6.93	5.43	59.97	1.01	100	0.5
093025	MEDSTAR NATIONAL REHABILITATION HOSPITAL	WASHINGTON	DC	2.662	100	9.8	24.5	34.9	33.3	0.1	0.427	98.9	6.44	4.1	55.96	0.91	28.5	0.8
103026	ST CATHERINE'S REHABILITATION HOSPITAL	NORTH MIAMI	FL	0	100	13.4	27.9	60.7	43.4	0.1	0.645	95.4	6.97	4.94	63.95	1.15	99.3	0.2
103028	ENCOMPASS HEALTH REHAB HOSPITAL OF SUNRISE	SUNRISE	FL	1.148	99.8	12.6	30.8	60.4	55.1	0.1	0.28	79.5	7.38	5.54	62.22	1.05	99.5	0.9
103031	ENCOMPASS HEALTH REHAB HOSPITAL OF SARASOTA	SARASOTA	FL	0.418	99.8	11.7	27.5	51	44.9	0.2	0.325	83.2	7.09	3.95	68.93	1.03	98.9	0.3
103033	ENCOMPASS HEALTH REHABILITATION HOSPITAL OF TALLAH	TALLAHASSEE	FL	0.601	99.4	13.1	36.1	65.8	66.3	0.1	0.732	92.3	7.52	5.25	65.62	0.98	97.6	1.4
103034	SEA PINES REHAB HOSP AFFILIATE OF ENCOMPASS HEALTH	MELBOURNE	FL	0	99.9	12.2	29.5	56.5	51	0.2	1.187	77.1	6.73	5.11	69.93	1.03	97.8	1.8
103036	WEST GABLES REHABILITATION HOSPITAL	MIAMI	FL	2.095	99	9.4	24.7	32.6	33.5	0.1	0.359	65.1	8.65	6.14	51	1.15	70.4	0.1
103037	ENCOMPASS HEALTH REHABILITATION HOSPITAL OF LARGO	LARGO	FL	2.044	100	13.3	32	60.6	55.8	0	0.453	84.1	7.44	3.99	64.98	1.09	98	1
103038	ENCOMPASS HEALTH REHABILITATION HOSPITAL OF MIAMI	MIAMI	FL	0	99.8	11.8	29	51.7	46.9	0.1	1.122	90.2	8.04	4.86	71.27	1.04	99.7	0.4
103039	BROOKS REHABILITATION HOSPITAL	JACKSONVILLE	FL	0.176	99.8	11.8	26.3	47.2	39.1	0.2	0.74	85.8	6.45	4.52	56.65	1.12	99.1	0.4
103040	ENCOMPASS HEALTH REHABILITATION HOSPITAL OF PANAMA	PANAMA CITY	FL	0.726	100	13.2	29.7	65.2	52.2	0.4	0.436	93.3	6.89	4.83	67.36	1.03	100	0.9
103042	ENCOMPASS HEALTH REHAB HOSPITAL OF SPRING HILL	BROOKSVILLE	FL	0	100	13.6	30.5	63.6	51.8	0.2	0.918	82.8	7.02	4.25	74.77	1.08	99.1	0.3
103043	ENCOMPASS HEALTH REHAB HOSPITAL OF OCALA	OCALA	FL	0	98.9	12.9	36.3	63.1	68.5	0.6	0.548	73.1	6.55	5.51	71.94	1.04	99.3	1.6
103044	ENCOMPASS HEALTH REHAB HOSPITAL AN AFFILIATE OF MA	STUART	FL	0	100	13.2	31.3	64.4	57.5	0.1	0.32	74.2	6.95	3.93	70.64	1.01	99.6	0.9
10T006	ORLANDO REGIONAL REHAB INSTITUTE	ORLANDO	FL	2.7	99.8	11.5	26.5	46.4	42.2	0	0.479	81.9	7.27	4.44	64.61	1	100	1.2
10T007	ADVENTHEALTH INPATIENT REHABILITATION	ORLANDO	FL	1.17	100	10.6	28.1	42.4	49.4	0.3	0	72.9	6.84	4.38	66.28	1.03	99.5	2.1
10T012	THE REHABILITATION HOSPITAL	FORT MYERS	FL	0.605	100	13.5	32.3	68.9	58.5	0	0.154	89.7	6.8	3.92	65.7	0.95	98.2	0
10T017	HALIFAX HEALTH	DAYTONA BEACH	FL	0.725	99.7	11.3	24.9	47.8	34.8	0	0.208	93.1	6.17	4.09	61.91	1.14	98.8	0.5
10T022	JACKSON MEMORIAL HOSPITAL	MIAMI	FL	0.885	99.6	11.3	27	48.4	42.9	0	0.186	54.3	6.82	4.79	64.65	0.93	95.4	1.9
10T032	BAYFRONT HEALTH ST. PETERSBURG	ST. PETERSBURG	FL	1.879	100	14.9	36.7	78.1	75.7	0.4	0.704	77.5	7.05	4.34	64.57	0.98	99.6	0.5
10T038	MEMORIAL REHABILITATION INSTITUTE	HOLLYWOOD	FL	0.374	99.8	12.5	28.9	57.7	52.5	0.1	0.323	88	7.15	3.61	70.03	0.93	99.9	0.8
10T063	MORTON PLANT NORTH BAY HOSPITAL	NEW PORT RICHEY	FL	1.754	98.9	13.5	27.3	65.4	44.9	0	0.349	75.6	8.12	4.35	67.84	0.99	98.7	2.2
10T073	HOLY CROSS HOSPITAL	FORT LAUDERDALE	FL	0.742	99.8	7.1	17	19.6	14.8	0	0.87	90.8	6.82	4.02	58.74	1.24	99.8	0.3
10T086	BROWARD HEALTH NORTH-INPATIENT REHABILITATION UNIT	DEERFIELD BEACH	FL	0	100	11	29.6	42.1	47.3	0	0.278	35.5	6.7	3.83	59.63	0.99	98.4	0.2
10T087	SARASOTA MEMORIAL HOSPITAL	SARASOTA	FL	0.704	99.4	13.2	35	67	68.4	0.1	1.067	95.2	6.14	3.67	66.34	1.01	98.3	1.1
10T157	LAKELAND REGIONAL HEALTH	LAKELAND	FL	1.145	99.7	11.1	24.9	48	38.4	0.3	0.596	90.6	7.57	4.83	64.53	1.02	38.5	1.4
10T173	FLORIDA HOSPITAL TAMPA	TAMPA	FL	1.458	100	13.3	29	65.6	48	0.2	0.116	77.9	6.88	3.73	62.61	1.06	99.6	1.3
10T223	FORT WALTON BEACH MEDICAL CENTER	FORT WALTON BEACH	FL	3.147	100	14.9	38.3	73.4	69.3	0.3	2.1	96	6.33	4.35	66.47	1.01	96.6	0.8
10T231	WEST FLORIDA REHAB INSTITUTE	PENSACOLA	FL	0.539	100	14.5	29.5	70.5	51.1	0	0.486	88.1	6.84	4.03	66.46	1.12	99.6	1
10T246	LAWNWOOD PHYSICAL REHAB CENTER	FORT PIERCE	FL	0	100	16.5	41.5	84.1	77.6	0.2	0	65.9	6.85	5.84	60.53	1.13	99.5	0.6
10T258	DELRAY MEDICAL CENTER	DELRAY BEACH	FL	0	99.1	11.9	29.5	50.8	51	0	0.41	91.3	6.21	4.39	67.69	0.96	96.1	2.5
10T288	ST MARY'S WEST PALM BEACH	WEST PALM BEACH	FL	0	98.8	11.1	22.5	49.8	30.6	0.6	0.673	71.4	6.29	4.79	59.92	1.01	54.6	2.9
10T290	TVRH REHABILITATION HOSPITAL	THE VILLAGES	FL	0.906	100	11.2	24.9	44.1	34	0	2.259	93.4	6.39	4.12	60.12	1.04	95.5	2.5
113029	REHABILITATION HOSPITAL, NAVICENT HEALTH	MACON	GA	0.705	100	10.4	27.3	39	43.2	0	0.25	97.3	6.66	5.25	64.1	0.99	97.5	1
113031	EMORY REHABILITATION HOSPITAL	ATLANTA	GA	3.273	100	13.1	29.3	58.7	46.6	0.2	1.436	90.3	6.49	4.22	67.25	0.94	99.8	1.6
113032	ENCOMPASS HEALTH REHABILITATION HOSPITAL OF NEWNAN	NEWNAN	GA	1.475	100	12	28.5	56.7	47.2	0.2	0.329	94.4	7.25	5.46	69.76	0.97	97.3	1.2
113033	ENCOMPASS HEALTH REHAB HOSPITAL OF SAVANNAH	SAVANNAH	GA	1.259	99.3	13.2	34.1	63.4	63	0.2	0.471	93.4	7.26	6.12	70.09	1.01	99.7	1.1
11T006	REHAB MEDICINE ST. MARYS ATHENS	ATHENS	GA	3.106	100	14.5	35.5	76.4	68.4	0.3	0.9	100	6.94	3.27	71.67	0.91	60.9	1.2
11T029	NORTHEAST GEORGIA MEDICAL CENTER	GAINESVILLE	GA	2.622	100	6.2	21.3	14.9	20.7	0	0.393	100	6.54	4.52	65.2	0.92	98.1	1.9
11T076	EMORY DECATUR HOSPITAL	DECATUR	GA	0.911	99.5	11.4	25.1	49.1	39.3	0	0.977	93.5	6.55	3.94	66.72	1.03	62	0
11T087	GLANCY REHABILITATION CENTER	DULUTH	GA	0.466	99.4	10.6	24.1	35.2	33.8	0.2	0.534	96.6	6.74	5.2	57.92	1.06	98.3	1.4
11T115	WELLSTAR ATLANTA MEDICAL CENTER	ATLANTA	GA	0.801	100	10.6	22.6	40.2	24.3	0	0	100	6.98	4.64	66.91	1.06	99.3	1
11T200	NORTHSIDE MEDICAL CENTER	COLUMBUS	GA	1.132	99.5	11.6	27.1	48.7	48.7	0	0.718	78.3	6.56	3.98	63.76	0.93	95.7	3.8
13T007	SAINT ALPHONSUS REGIONAL MEDICAL CENTER	BOISE	ID	0	99.5	9.9	28.1	37.7	39.5	0	0	99.5	6.2	4.43	67.67	0.96	98.1	1
13T018	EASTERN IDAHO REGIONAL MEDICAL CENTER	IDAHO FALLS	ID	1.671	100	14.3	35.1	66.4	60.8	0.3	1.42	95.9	6.08	3.83	69.21	0.95	100	2.7
143025	SCHWAB REHABILITATION HOSPITAL	CHICAGO	IL	2.865	100	11.5	28.7	48.2	46.9	0.4	0.779	92.1	7.02	4.58	57.14	0.94	94.8	0.9
143026	SHIRLEY RYAN ABILITYLAB	CHICAGO	IL	2.75	100	12.7	27.8	56.4	44.9	0.3	0.314	79.2	6.38	4.52	59.55	1.16	99.8	1.1
143027	MARIANJOY REHABILITATION HOSPITAL	WHEATON	IL	2.148	100	11.1	30.8	44.9	54.1	0.1	0.16	98.9	6.27	5.23	53.12	1.02	98.5	0.1
143028	VAN MATRE HEALTHSOUTH REHABILITATION HOSPITAL	ROCKFORD	IL	1.984	100	11	29.8	47.3	54.7	0.4	0.95	93.2	6.82	4.8	67.13	0.95	99.2	0.5
14T011	HERRIN HOSPITAL	HERRIN	IL	1.48	100	12	30.1	52.8	52.2	0.3	0.838	93.8	7.08	4.66	62.44	1.09	91.7	0
14T067	SAINT FRANCIS MEDICAL CENTER	PEORIA	IL	0.87	100	11.7	24.7	47.7	33.3	0	0.521	90.6	6.12	4.31	72.47	0.96	98.7	1.6
14T091	CARLE FOUNDATION HOSPITAL	URBANA	IL	1.618	99.4	9.3	23.2	28.1	28.8	0	0.328	96.3	6.74	5.38	67.16	0.97	98.3	1.3
14T114	SWEDISH COVENANT HOSPITAL	CHICAGO	IL	2.89	100	11.1	27.5	42.8	47.6	0	0	96.2	7.03	5.15	56.87	0.88	25.4	2.1
14T116	CENTEGRA HOSPITAL - MCHENRY	MCHENRY	IL	1.689	98.7	11.5	25	50.1	38.7	0.8	0.369	97.8	6.18	3.98	61.06	0.94	95	1.1
14T117	AMITA HEALTH RESURRECTION MEDICAL CENTER CHICAGO	CHICAGO	IL	1.468	100	10.5	26.3	43.5	41	0.1	1.293	92.4	6.67	4.92	60.9	1.01	99.3	0.4
14T148	MEMORIAL MEDICAL CENTER	SPRINGFIELD	IL	0	99.7	9.7	25.3	35.2	37.5	0	2.422	78.6	7.16	4.35	63.6	0.85	99.7	1.7
14T186	RIVERSIDE MEDICAL CENTER	KANKAKEE	IL	0	100	13.4	29.8	63.4	50.9	0.3	0.221	93	7.74	3.45	65.85	0.98	54	2.6
14T213	SILVER CROSS HOSPITAL	NEW LENOX	IL	0.613	100	10.9	24.2	44.8	32.3	0	0.253	84.3	6.89	3.43	68.82	0.92	100	0.7
14T217	PRESENCE ST JOSEPH - ELGIN	ELGIN	IL	1.86	100	12.2	26.9	55.8	43.1	0.1	0.213	79.1	6.41	4.51	63.88	1.01	99	0.9
14T223	ADVOCATE LUTHERAN GENERAL HOSPITAL	PARK RIDGE	IL	0	100	10.4	26.8	38.8	39.4	0.2	0.212	100	6.91	4.17	58.33	0.96	99.5	0.3
14T252	NORTHWEST COMMUNITY HEALTHCARE	ARLINGTON HEIGHTS	IL	0.982	100	13.5	34	68.5	68.5	0	0.544	77.4	6.86	3.56	64.14	0.96	98.8	2.1
14T258	ALEXIAN BROTHERS MEDICAL CENTER	ELK GROVE VILLAGE	IL	3.601	100	11.7	30.6	50.9	55.7	0	0.351	83.7	6.03	4.79	60.34	1.04	100	0.3
153025	ENCOMPASS HEALTH DEACONESS REHABILITATION HOSPITAL	NEWBURGH	IN	1.241	99.9	11.8	30.6	55.7	55.6	0.1	0.85	91.3	8.07	4.77	66.09	1	99.9	0.4
153028	REHABILITATION HOSPITAL OF INDIANA INC	INDIANAPOLIS	IN	3.045	99.9	12.3	29.8	56.7	52.3	0.3	0.208	93.7	6.71	4.4	51.12	1	98.2	3.8
153030	REHABILITATION HOSPITAL OF FORT WAYNE GENERAL PAR	FORT WAYNE	IN	0.732	99.6	12.6	31.1	61.4	58.2	0.4	0.708	39.4	7.32	4.22	61.47	0.99	100	0.3
153037	SOUTHERN INDIANA REHABILITATION HOSPITAL	NEW ALBANY	IN	0	100	10.9	25.2	41.5	36.4	0.8	0.21	99.7	6.91	4.91	57.28	0.94	98.8	0.1
153043	COMMUNITY HEALTH NETWORK REHABILITATION HOSPITAL	INDIANAPOLIS	IN	0.926	99.8	14.6	31.3	75	58.1	0.1	0.594	89.4	6.23	4.06	71.65	1.02	99.5	0.4
15T002	METHODIST NORTHLAKE	GARY	IN	0.663	100	11.9	29.3	51.8	52.4	0	0.309	98.9	8.09	5.25	58.4	0.96	97.5	1.4
15T008	THE REHABILITATION CENTER AT ST. CATHERINE HOSPITA	EAST CHICAGO	IN	0	100	14.5	30.5	69.1	54.3	0	2.384	77.6	7.16	4.23	66.5	1.05	91.5	0.5
15T021	PARKVIEW HOSPITAL	FORT WAYNE	IN	0.531	100	10.9	24.3	44.5	32	0	0	87.5	6.14	4.21	62.5	0.98	99.1	1.5
15T034	ST. MARY MEDICAL CENTER INC	HOBART	IN	0.874	99.8	15.3	35.3	76.5	75.3	0	1.223	64.9	7.44	4.27	65.97	0.94	98.4	1.1
15T048	REID HOSPITAL AND HEALTH CARE SERVICES	RICHMOND	IN	0	100	12.6	29.4	58	48.7	0.4	0.534	52.1	6.4	3.73	60.31	0.97	97.8	2.4
15T090	FRANCISCAN HEALTH DYER/HAMMOND	HAMMOND	IN	0	99.8	13.6	30.7	69	56.5	0	0.335	99.4	6.88	4.51	60.84	0.96	100	0.3
15T125	COMMUNITY HOSPITAL	MUNSTER	IN	0	99.9	14.7	28	71.3	44.7	0.2	0.374	67.2	7.21	3.73	61.67	1	76.1	1.7
16T033	GENESIS MEDICAL CENTER	DAVENPORT	IA	1.733	100	11.5	26.7	49.6	46	0	0	93.8	6.51	5.11	60.57	0.89	98.5	0.5
16T082	YOUNKER REHABILITATION	DES MOINES	IA	2.809	98.4	12	27.2	60.2	45.2	0.3	0.676	98.9	6.28	4.17	58.83	0.88	93.1	1.1
16T153	MERCY MEDICAL CENTER - SIOUX CITY	SIOUX CITY	IA	0	100	11	30.4	44.7	54.7	0	1.058	100	6.84	4.55	50.26	0.96	95.9	1.6
173026	MIDAMERICA REHABILITATION HOSPITAL	OVERLAND PARK	KS	1.009	100	14.2	33.5	70.6	63.4	0	0.475	98.6	7.51	4.76	63.85	0.99	99.1	0.6
173027	WESLEY REHABILITATION HOSPITAL, AN AFFILIATE OF EN	WICHITA	KS	3.608	100	13.7	35.8	68.2	71	0.4	0	95.4	5.81	4.35	69.71	1.02	99.6	0.9
173032	REHABILITATION HOSPITAL OF OVERLAND PARK	OVERLAND PARK	KS	0	99	13.4	25.6	66.2	41.7	0.1	0.339	92.3	6.58	4.37	57.28	1.03	98.9	0.8
183026	CARDINAL HILL REHABILITATION HOSPITAL	LEXINGTON	KY	0.314	99.9	11.7	28	50.4	47.1	0.4	0.788	95.6	7.47	5.01	69.88	1.03	99	2.7
183027	ENCOMPASS HEALTH REHABILITATION HOSPITAL OF NORTHE	EDGEWOOD	KY	2.066	100	12.8	29.5	62.5	53.7	0.2	1.223	75	6.82	4.38	65	0.96	96.3	0.6
183029	SOUTHERN KENTUCKY REHABILITATION HOSPITAL	BOWLING GREEN	KY	0.638	100	10.9	25.6	48.3	38.4	0.1	1.013	93	7.52	5.04	55.68	1.04	92.7	1.3
183030	GATEWAY REHABILITATION HOSPITAL	FLORENCE	KY	0	99.9	10.4	23.3	41.2	31.9	0.4	0	88.5	7.64	4.43	57.94	1.01	95.8	1
18T040	FRAZIER REHAB INSTITUTE	LOUISVILLE	KY	1.394	100	10	24.9	35.3	36.8	0.1	0.387	77.8	7.53	4.47	62.31	0.93	100	0.8
18T044	PIKEVILLE MEDICAL CENTER	PIKEVILLE	KY	0	100	8.2	26.1	22.3	42.2	0	1.277	94.2	7.9	4.17	67.95	0.93	99.4	0
193031	ENCOMPASS HEALTH REHABILITATION HOSPITAL OF ALEXAN	ALEXANDRIA	LA	0	99.8	14	33.8	70	63.3	0.2	0	71.8	7.3	6.83	67.98	0.97	97.2	1.6
193090	THE NEUROMEDICAL CENTER REHABILITATION HOSPITAL, L	BATON ROUGE	LA	1.764	100	9	23.7	28.5	30.9	0	0	82.2	7.26	4.08	57.43	1.08	99.7	0.8
193098	COBALT REHABILITATION HOSPITAL NEW ORLEANS	NEW ORLEANS	LA	2.398	100	12.9	31.1	58.4	48.5	0.3	0.82	80.3	6.86	4.2	62.95	1.12	90.1	1.9
19T019	CHRISTUS ST. FRANCES CABRINI HOSPITAL	ALEXANDRIA	LA	0.969	100	12.6	34.4	61.7	63.8	0.4	0	98.1	6.99	3.95	66.67	1.06	97.9	0
19T027	CHRISTUS ST PATRICK HOSPITAL	LAKE CHARLES	LA	0	100	13.2	32.7	60.8	59.7	0	0.394	100	6.57	3.98	63.99	0.97	98.7	3.3
19T046	TOURO REHABILITATION CENTER	NEW ORLEANS	LA	1.755	99.7	10.7	26.8	41.5	40.7	0	1.675	91.8	6.45	4.68	60.69	1.04	96.8	1.8
19T102	OUR LADY OF LOURDES REGIONAL MEDICAL CTR	LAFAYETTE	LA	0.91	99.6	10.1	17	37.9	14.7	0	0	92.4	7.19	3.82	64.61	0.99	98.4	0.7
19T111	WILLIS-KNIGHTON MEDICAL CENTER	SHREVEPORT	LA	1.104	100	11.6	24.5	50.5	36.3	0.3	0	92.9	6.23	4.21	60.39	1.04	98.1	1.8
203025	HEALTHSOUTH/MAINE MEDICAL CENTER, LLC	PORTLAND	ME	0	99.9	12.6	34.5	61.4	67	0.1	0.496	95.1	6.27	4.11	70.66	0.95	99.4	1.1
20T033	EASTERN MAINE MEDICAL CENTER	BANGOR	ME	3.045	99.7	8.8	21	34	28.7	0.3	0.725	85.7	6.62	4.15	47.08	1	18.3	0.8
213028	ENCOMPASS HEALTH REHAB HOSPITAL OF SALISBURY	SALISBURY	MD	0.69	98.8	14.3	38	74.3	74.3	0.3	0.125	90.7	5.87	5.29	72.33	0.98	99.2	0.7
213029	ADVENTIST HEALTHCARE  REHABILITATION AT ROCKVILLE	ROCKVILLE	MD	0.746	99.6	12.9	33.4	59.7	62.2	0	0.86	99.4	6.41	4.78	65.63	1.04	96.4	0.5
223026	ENCOMPASS HEALTH REHABILITATION HOSP OF NEW ENGLAN	WOBURN	MA	0.673	99.7	12.8	34.9	63.2	67.6	0.2	0.556	96.5	7.49	4.34	69.86	1.03	100	1.1
223027	ENCOMPASS HEALTH BRAINTREE HOSPITAL OF BRAINTREE	BRAINTREE	MA	0.428	100	10.6	28.3	47.3	50	0.2	0.578	94.7	7.01	4.78	66.32	1.06	99.7	1
223029	FAIRLAWN REHAB HOSP, AN AFFILIATE OF ENCOMPASS HLT	WORCESTER	MA	1.909	99.5	12.3	32.1	58.9	63	0.1	1.184	88.1	6.89	5	63.66	1.02	99.5	0.6
223034	SPAULDING REHABILITATION HOSPITAL	CHARLESTOWN	MA	2.069	100	10.9	27.1	44.5	42.1	0	0.511	95	6.13	5.2	51.22	1.11	99.9	0.9
233026	MARY FREE BED REHABILITATION HOSPITAL	GRAND RAPIDS	MI	1.037	99.9	13.3	30.2	62.7	53.6	0	0	98.2	6.38	3.67	69.12	1.04	99.6	0.2
23T041	BAY MEDICAL CENTER FOR REHABILITATION	BAY CITY	MI	0	99.7	15.4	28.9	79.7	46.4	0	0	98.4	7	4.55	63.86	1.01	97.4	0.6
23T047	HENRY FORD MACOMB HOSPITAL	CLINTON TOWNSHIP	MI	0.867	100	14.6	36.8	70.2	70	0	0.749	97.6	6.14	4.19	68.8	1.07	100	0.7
23T070	MARY FREE BED AT COVENANT	SAGINAW	MI	0	100	14.1	32	68.1	57.8	0.3	0	93.8	7.57	5.58	65.19	0.96	97.8	1.2
23T130	BEAUMONT - ROYAL OAK	ROYAL OAK	MI	2.742	100	12.4	30	58.5	53.9	0	0.504	97.2	6.73	4.72	66.56	0.9	100	0
23T146	HENRY FORD WYANDOTTE HOSPITAL	WYANDOTTE	MI	0	99.8	13.9	29.1	72.5	54	0.2	0.774	93.9	7.19	5.86	64.78	0.95	99.6	2.3
23T230	MARY FREE BED AT SPARROW	LANSING	MI	0.689	99.7	11.5	28.3	50.9	51.4	0	0.299	71	6.71	4.34	64.27	0.99	76.4	0.8
23T254	ASCENSION CRITTENTON HOSPITAL	ROCHESTER	MI	3.548	100	13.2	28.3	64	50.7	0	0.584	85.7	7.32	3.44	61.6	1.01	96.2	0.2
23T269	BEAUMONT HEALTH SYSTEMS	TROY	MI	1.892	100	11.7	30.7	52.8	55.1	0	1.061	96.8	6.19	4.71	64.27	0.91	100	0.3
24T019	SMDC MEDICAL CENTER DBA ESSENTIA HEALTH-DULUTH	DULUTH	MN	0	100	12.2	25.4	54.4	39.8	0	0.745	98.1	6.81	4.31	58.14	1.01	98.5	1.4
24T047	ST LUKES HOSPITAL	DULUTH	MN	0	100	11.6	25.6	52.4	39.4	0	0.406	89.7	6.68	3.85	62.69	0.89	94.3	1.6
24T057	ABBOTT NORTHWESTERN HOSPITAL	MINNEAPOLIS	MN	2.188	99.3	12.7	28.8	58.3	49.5	0.4	0.699	84.4	6.54	4.78	51.45	1.09	96.7	0.2
24T080	FAIRVIEW HEALTH SERVICES	MINNEAPOLIS	MN	2.813	99.8	12.1	30.1	57.5	56.9	0	0.481	90	6.45	4.07	65.23	0.88	100	1.3
253027	ENCOMPASS HEALTH REHABILITATION HOSPITAL, PARTNER	GULFPORT	MS	0	99.8	14.3	31.8	69.4	56.7	0.2	0	99	7.74	4.61	72.64	1.09	98.5	0.7
25T004	NORTH MISSISSIPPI MEDICAL CENTER	TUPELO	MS	0.668	100	13.7	33.6	68.9	59	0	0.216	93.6	7.02	4.32	66.7	0.99	98.3	2.8
25T152	MISSISSIPPI METHODIST REHABILITATION CENTER	JACKSON	MS	0	100	10	21.4	31.2	22	0.3	0.435	81.6	5.92	4.84	61.99	1	99.9	0.8
263027	RUSK REHABILITATION CTR	COLUMBIA	MO	0.783	100	13.3	31.2	66.9	55.5	0	0.133	97.2	6.32	5.55	63.48	0.89	99	1.1
263028	THE REHABILITATION INSTITUTE OF ST. LOUIS, AN AFFI	SAINT LOUIS	MO	0.363	100	12.9	29.8	64.1	53.3	0.5	0.539	97.3	6.77	4.29	65.87	0.96	99.4	0.6
263029	MERCY REHABILITATION HOSPITAL ST LOUIS	CHESTERFIELD	MO	0.254	99.9	15.1	31.9	72.4	57.8	0.2	0.852	100	6.74	3.8	65.29	1.05	99.5	0
263031	SSM HEALTH REHABILITATION HOSPITAL	RICHMOND HEIGHTS	MO	0.932	100	12.7	29.6	59.6	50.6	0	0.368	94.4	7.07	6.27	57.97	0.98	97.3	0.5
263032	MERCY REHABILITATION HOSPITAL SPRINGFIELD	SPRINGFIELD	MO	1.898	100	14.2	35	72.5	69.5	0.1	0.882	100	6.52	3.68	69.47	0.9	99.8	0.3
26T096	NORTH KANSAS CITY HOSPITAL	NORTH KANSAS CITY	MO	0	99.8	14.4	34.4	75.3	70.2	0	0.39	98.2	6.35	3.68	64.83	0.98	97.2	3.2
283025	MADONNA REHABILITATION HOSPITAL LINCOLN	LINCOLN	NE	1.971	100	12.4	26	54.9	42.5	0.4	0.469	94.2	6.14	4.15	59.86	1	100	1.1
28T040	NEBRASKA METHODIST HEALTH SYSTEM	OMAHA	NE	0.977	100	12.5	27.5	61.7	45.5	0.7	0.741	87.5	6.46	3.93	58.64	1	100	1.6
293026	ENCOMPASS HEALTH REHABILITATION HOSPITAL OF LV	LAS VEGAS	NV	1.751	99.8	11.3	27.1	52.6	48.5	0	1.826	86.4	8.32	5.74	61.76	1.06	98.2	1
293032	ENCOMPASS HEALTH REHABILITATION HOSPITAL OF HENDER	HENDERSON	NV	1.327	99.7	11.4	27.7	51.7	47	0.1	1.169	74.6	8.08	5.22	62.6	1.03	99.3	1
29T039	MOUNTAINVIEW HOSPITAL	LAS VEGAS	NV	0	99.9	15	35.8	78.9	70.7	0	0.518	99.1	6.72	3.99	59.31	1.13	100	1.7
29T049	RENOWN REHABILITATION HOSPITAL	RENO	NV	1.558	99.3	13.7	30.9	68	53.4	0.3	0.205	88.2	6.33	4.6	61.72	0.89	98.8	0.9
303026	NORTHEAST REHABILITATION HOSPITAL	SALEM	NH	0.495	99.9	13.2	32.2	63.2	62	0.2	1.02	99.1	7.19	5.23	61.15	1.01	99.2	0
303027	ENCOMPASS HEALTH REHABILITATION HOSPITAL OF CONCOR	CONCORD	NH	2.618	100	13.6	30.5	71.2	55.4	0.2	0.158	94.9	5.47	5.5	67.99	1.01	98.7	1.5
313025	KESSLER INSTITUTE FOR REHABILITATION - WEST FAC	WEST ORANGE	NJ	1.156	100	11.2	27.9	47	45.5	0.1	1.236	81.4	6.22	5.71	61.14	1.09	99.3	0.2
313027	ST LAWRENCE REHABILITATION CENTER	LAWRENCEVILLE	NJ	1.833	100	10.2	23.1	40.5	27.1	0	1.226	88.3	6.09	4.76	57.2	1.12	99.7	2
313029	ENCOMPASS HEALTH REHAB HOSPITAL OF TOMS RIVER	TOMS RIVER	NJ	0	100	11.7	27.2	51.5	44.6	0	0.385	95.2	6.46	4.62	70.8	1.07	98.7	0.5
313030	BACHARACH INSTITUTE FOR REHABILITATION	POMONA	NJ	0.636	99.9	11.9	26.4	47.6	39.4	0.3	0.329	82.9	6.45	6.25	51.79	1.1	86.2	0.6
313032	KESSLER INSTITUTE FOR REHABILITATION,INC	MARLTON	NJ	3.804	100	10.9	26.4	43	41.3	0.1	0.454	99	6.18	4.92	58.97	1.02	97.7	1.1
313035	ENCOMPASS HEALTH REHAB HOSPITAL OF TINTON FALLS	TINTON FALLS	NJ	0.75	100	10.3	28.1	41.8	45.8	0.2	1.218	92	6.26	5.08	69.02	1.04	99.4	1
313036	ENCOMPASS HEALTH REHAB HOSPITAL OF VINELAND	VINELAND	NJ	3.434	99.9	12.1	32.5	57.3	59.1	0	0.489	93.3	6.58	4.99	71.36	1.03	99.9	0
31T029	LOURDES REGIONAL REHABILITATION CENTER	CAMDEN	NJ	0.715	100	10.5	24.3	42.2	38.2	0.3	0	99	6.22	4.26	58.21	0.98	99.1	0.6
31T034	RIVERVIEW REHABILITATION CENTER	RED BANK	NJ	1.228	100	11.1	29.6	48.6	51.8	0	0.494	78.2	6.26	4.92	64.36	0.91	99.6	1.1
323027	ENCOMPASS HEALTH REHABILITATION HOSPITAL OF ALBUQU	ALBUQUERQUE	NM	0	99.5	12	27.9	58.6	49.2	0.1	0	88.5	7.33	5.96	65.95	0.93	95.3	2.1
323028	LOVELACE UNM REHABILITATION HOSPITAL	ALBUQUERQUE	NM	2.987	99.9	12.6	32.9	64.7	63.1	0.2	0.732	83.6	6.65	4.94	65.43	0.91	92	0.4
323032	REHABILITATION HOSPITAL OF SOUTHERN NEW MEXICO,INC	LAS CRUCES	NM	0.588	99.9	14.4	34.8	70	65.2	0.3	0.774	98.2	6.86	4.65	72.06	1.03	99.3	1.8
33T024	MT SINAI MEDICAL CENTER	NEW YORK	NY	1.011	100	11	28.2	42.3	45.3	0	0	94.8	6.32	4.2	57.31	1.05	96.5	0.4
33T181	GLEN COVE HOSPITAL	GLEN COVE	NY	0	100	12.2	28.9	53.3	47.1	0.1	0.091	86.5	6.37	4.28	63.21	1.08	98.4	1.1
33T214	RUSK REHABILITATION	NEW YORK	NY	1.618	99.6	11.4	29.6	49.7	56.7	0.1	0.188	96.6	6.62	3.91	59.74	1.04	99.7	0.4
33T226	UNITY HOSPITAL	ROCHESTER	NY	0.694	100	11.7	28.6	50.4	47.9	0	0.683	80.7	7.06	4.52	61.55	0.95	70.8	1.2
33T236	NY PRESBYTERIAN BROOKLYN METHODIST HOSPITAL	BROOKLYN	NY	0.768	100	11.2	24.9	40.3	33.7	0	0	73.6	6.76	4.2	53.24	1.03	100	0
33T241	UPSTATE MEDICAL UNIVERSITY	SYRACUSE	NY	3.032	100	14.2	28	66.4	43.8	0	1.464	89.8	6.86	4.03	64.44	1.06	99.8	0.2
33T246	ST CHARLES HOSPITAL	PORT JEFFERSON	NY	1.483	100	10.2	29.3	37.7	51	0.1	0.544	79.9	7.03	4.79	60.04	0.93	99.9	0.2
33T259	MERCY MEDICAL CENTER	ROCKVILLE CENTRE	NY	0.751	99.8	7.8	19.8	18.7	20.6	0.2	0.245	85.6	6.64	5.2	48.57	1.14	99.4	0.1
33T279	BUFFALO MERCY REHABILITATION UNIT	BUFFALO	NY	1.823	99.7	12.1	21.8	57.5	22	0.3	0.696	78.7	6.43	4.72	58.16	0.96	99	1.1
33T405	HELEN HAYES HOSPITAL	WEST HAVERSTRAW	NY	1.465	100	9.9	26.4	36	43.7	0	1.384	85.5	6.47	5.22	54.94	1	98.9	1.1
33T406	SUNNYVIEW HOSPITAL AND REHABILITATION	SCHENECTADY	NY	2.226	100	11.8	31	52.8	56.5	0.1	0.645	88.4	6.11	4.29	63.88	0.92	99.7	0.2
343025	CAREPARTNERS  REHABILITATION HOSP	ASHEVILLE	NC	2.703	99.8	13	32	62.3	60.9	0.1	0.482	97.9	5.84	3.88	62.6	0.91	99.8	0.7
343026	CAROLINAS REHABILITATION	CHARLOTTE	NC	1.211	100	12.1	28.3	56.8	51.4	0.1	0.336	94.5	6.54	4.29	65.28	0.97	99.9	1.1
34T028	CAPE FEAR VALLEY REHABILITATION CENTER	FAYETTEVILLE	NC	2.387	99.4	8.9	25.6	28.8	41.5	0	0.294	54.9	7.18	4.27	60.17	0.86	99.6	1.5
34T040	PITT COUNTY MEMORIAL HOSPITAL	GREENVILLE	NC	2.365	99.7	10	23.8	35.9	32.2	0.1	0.646	99.8	6.55	4.32	70.06	0.96	98.9	2.6
34T047	NORTH CAROLINA BAPTIST HOSPITALS	WINSTON SALEM	NC	1.259	100	11.9	28.6	50	50.8	0	0.697	92.9	7.37	4.49	66.45	0.94	94.9	0.6
34T069	WAKEMED REHAB	RALEIGH	NC	2.513	100	10.8	28.4	42.9	45.2	0.1	0.143	99.2	5.92	2.68	71.29	0.99	100	1.7
34T141	NEW HANOVER REGIONAL MEDICAL CENTER REHABILITATION	WILMINGTON	NC	0.971	100	12.8	33.1	59.3	60.4	0.2	0.93	99.1	6.63	4.24	69.29	0.96	95.1	1.7
363026	HILLSIDE REHABILITATION HOSPITAL, INC	WARREN	OH	4.444	99.1	11.7	26.3	50.5	40.1	0	0	74	6.65	5.49	55.4	1.06	95.5	0.5
363034	ENCOMPASS HEALTH REHABILITATION HOSPITAL OF CINCIN	CINCINNATI	OH	0	100	12.6	31.3	60.7	57.4	0.5	0.489	94.5	7.24	4	65.9	1.01	98.9	2.4
363035	SUMMA REHAB HOSPITAL	AKRON	OH	0	100	12.9	34.3	63.4	69.8	0.1	0	99	6.43	5.45	62.65	0.95	98.8	0.5
363036	UNIVERSITY HOSPITALS REHABILITATION HOSPITAL	BEACHWOOD	OH	0.924	99.7	13.3	34.8	67.5	68.9	0	0	85.4	6.26	4.61	64.5	0.98	81.5	0.7
363037	OHIOHEALTH REHABILITATION HOSPITAL	COLUMBUS	OH	0	99.9	11.6	30.1	49.3	52.8	0.3	2.168	93.4	6.45	4.03	63.19	0.98	97.3	1
363038	CLEVELAND CLINIC REHABILITATION HOSPITALS LLC	AVON	OH	0	100	11.7	30.4	51.9	53	0.3	0.391	89.1	6.74	5.87	61.6	0.99	97.5	1.1
363041	TRIHEALTH REHABILITATION HOSPITAL LLC	CINCINNATI	OH	0	100	12.1	30.3	56.1	55.8	0.3	0.416	93.5	6.45	4.65	60.2	0.95	97.3	1
363042	MOUNT CARMEL REHABILITATION HOSPITAL, AN AFFILIATE	WESTERVILLE	OH	2.729	100	13.2	28.7	62.2	47	0	0.202	92.7	7.02	4.74	65.17	1.03	96.8	1
36T009	LIMA MEMORIAL HEALTH SYSTEM	LIMA	OH	0	100	11.5	29.8	48.1	50.5	0	0	76.9	6.54	4.82	59.41	0.98	97.9	4
36T054	HOLZER MEDICAL CENTER	GALLIPOLIS	OH	0	99.7	12.4	28.5	56.5	47.3	0.3	2.806	54.7	7.36	3.16	60.48	1.05	86.2	0.9
36T059	METROHEALTH MEDICAL CENTER	CLEVELAND	OH	0	100	9.9	23.5	38.4	32.8	0	0.234	100	6.47	4.25	56.75	1.02	97.9	1.1
36T064	ST. ELIZABETH HEALTH CENTER	YOUNGSTOWN	OH	0.968	100	11.8	27.2	48.9	42.8	0.5	0	100	6.73	5.02	58.93	0.9	94.6	0.6
36T079	KETTERING MEDICAL CENTER	KETTERING	OH	0	100	11.7	32.3	53.3	63.5	0.2	0	99.2	5.8	4.24	67.81	0.86	78.1	1.3
36T085	OHIO STATE UNIVERSITY HOSPITAL	COLUMBUS	OH	0.86	100	11.9	32.6	52.1	60.6	0.2	0.265	96.7	6.65	7.7	57.63	0.96	99.6	0.2
36T163	THE CHRIST HOSPITAL REHAB UNIT	CINCINNATI	OH	0	100	12.3	26.8	55.5	44.2	0	0.403	98.5	6.41	4.33	60.82	0.92	96.5	0.8
36T172	MERCY REGIONAL MEDICAL CENTER	LORAIN	OH	1.094	99.8	12.7	34.5	60.7	66.5	0.2	1.461	95.7	6.65	4.43	62.85	0.98	99	1.4
373025	VALIR REHABILITATION HOSPITAL OF OKC, LLC	OKLAHOMA CITY	OK	0	99.8	13.2	22.4	63	28.8	0	0	90.7	7.41	5	53.04	1.02	99.1	1.3
373033	MERCY REHABILITATION HOSPITAL OKLAHOMA CITY	OKLAHOMA CITY	OK	1.852	99.8	15.1	35.9	74.5	68.2	0.1	1.071	98.8	6.84	3.93	67.58	1.06	49.1	0
373035	PAM REHABILITATION HOSPITAL OF TULSA	TULSA	OK	0	99.9	11.8	23.7	51.8	31.4	0.1	0	60.4	7.87	5.69	62.08	0.97	95.8	3.2
393025	BRYN MAWR REHABILITATION HOSPITAL	MALVERN	PA	0	100	11	32.2	42.4	55.1	0.2	0.236	97.7	5.73	5.94	54.41	1.06	99.1	0.1
393027	HEALTHSOUTH HARMARVILLE REHABILITATION HOSPITAL	PITTSBURGH	PA	1.309	100	14.1	33.5	66.8	60.8	0.4	0.705	91	6.41	3.42	69.62	1.11	100	1
393031	ENCOMPASS HEALTH REHABILITATION HOSPITAL OF MECHAN	MECHANICSBURG	PA	0.703	100	13.3	34	63.9	65.2	0.3	0.792	90.4	6.68	3.83	72.61	1.05	94.4	2.4
393035	GOOD SHEPHERD REHABILITATION HOSPITAL, THE	ALLENTOWN	PA	0.45	100	12.1	27.6	53.1	45.6	0.3	0.588	95.8	6.22	4.53	58.95	1.05	99.5	2.3
393037	ENCOMPASS HEALTH REHABILITATION HOSPITAL OF YORK,	YORK	PA	0	99.9	12.5	30.8	59.4	57.6	0	0.159	98	7.2	3.39	70.69	1.02	99	0.8
393038	MAGEE REHABILITATION HOSPITAL	PHILADELPHIA	PA	0.594	100	11.9	32.2	50	56.8	0	1.262	99.5	6.35	6.01	57.4	1.33	99.2	1.8
393040	ENCOMPASS HEALTH REHABILITATION HOSPITAL OF ALTOON	ALTOONA	PA	1.809	100	15.3	32.2	77.1	60.7	0.1	0.747	88.1	6.5	5.59	68.52	1.01	99.5	1.1
393045	ENCOMPASS HEALTH REHAB HOSPITAL OF SEWICKLEY	SEWICKLEY	PA	0	99.8	14.5	34.6	74.9	67	0.2	0.83	92.2	6.76	4.77	67.43	1.05	99.6	0.9
393053	PENN STATE HEALTH REHABILITATION HOSPITAL	HUMMELSTOWN	PA	1.731	100	10.1	23.3	37.5	31.6	0.1	0.576	75.1	5.44	4.09	63.54	0.94	99.4	0.6
393055	ST MARY REHABILITATION HOSPITAL	LANGHORNE	PA	3.271	100	16.6	41.1	81.9	80.4	0	1.445	66	7.12	4.01	70.79	1.05	99.7	1.2
393056	HELEN M SIMPSON REHABILITATION HOSPITAL	HARRISBURG	PA	0	99.9	11.5	27.9	51.7	47.6	0.2	0.997	69.2	7.95	3.99	65.26	0.95	99.6	0.7
39T028	UPMC MERCY	PITTSBURGH	PA	1.744	100	12.2	33.2	54	59.3	0.2	0.678	98	6.26	4.77	60.08	1.08	100	3.4
39T044	THE READING HOSPITAL AND MEDICAL CENTER	WYOMISSING	PA	1.927	100	13	29.1	61.1	49.7	0.1	0.743	98.9	5.9	4.11	65.05	1.01	75.2	0.8
39T049	ST LUKES HOSPITAL	BETHLEHEM	PA	3.972	100	11.6	29.8	51.3	52.7	0	0.204	97.5	6.69	3.54	66.15	1	99.3	1
39T110	CRICHTON REHABILITATION CENTER	JOHNSTOWN	PA	0	99.4	11.4	30.9	48.2	51	0.3	0.969	95.1	6.54	5.34	58.83	1.04	3.2	0.5
39T111	HOSPITAL OF THE UNIVERSITY OF PENNSYLVANIA	PHILADELPHIA	PA	0.874	100	11	28	48.5	50.1	0.1	0.61	97.3	5.92	4.91	63.04	1.34	99.2	2.4
39T133	LEHIGH VALLEY HOSPITAL	ALLENTOWN	PA	2.159	99.9	13.2	32	62.9	56.6	0	0.238	99.3	6.5	4.11	67.32	0.98	99.8	0.3
39T267	FORBES REGIONAL HOSPITAL	MONROEVILLE	PA	0.928	100	9.2	24.4	27	29.2	0	0	64.1	7.05	4.35	71.85	0.97	99.8	0.2
39T327	WELLSPAN SURGERY AND REHABILITATION HOSPITAL	YORK	PA	0	99.3	9.8	28.1	37.2	46.8	0.1	0.32	99.1	6.27	5.15	63.64	1.03	96.8	0.3
41T005	SOUTHERN NEW ENGLAND REHAB CTR	NORTH PROVIDENCE	RI	1.847	100	9.9	28.4	35.8	49.7	0	1.226	87.1	6.86	4.12	52.72	1.04	95.2	0.8
42T078	PRISMA HEALTH ROGER C. PEACE REHABILITATION HOSPIT	GREENVILLE	SC	0.954	99	8.8	23.2	28.2	32.6	0.5	0.389	99.7	6.53	3.69	68.11	0.9	99.5	1.7
43T016	AVERA MCKENNAN REHABILITATION UNIT	SIOUX FALLS	SD	2.441	100	12.6	28	57.4	49.4	0	0.255	98.2	6.63	4.89	66.29	0.82	99.3	1.3
443025	SISKIN HOSPITAL FOR PHYSICAL REHABILITATION	CHATTANOOGA	TN	0.736	99.2	11.9	29.8	50.8	51.6	0.2	0.318	83	6.17	4.52	63.67	1	96.9	0.9
443028	VANDERBILT STALLWORTH REHAB HOSPITAL	NASHVILLE	TN	1.394	99.5	11.4	28.7	52.5	51.8	0.3	0.504	97.2	6.29	5.55	61.24	0.98	99.6	1.6
443032	ENCOMPASS HEALTH REHABILITATION HOSPITAL OF CHATTA	CHATTANOOGA	TN	1.744	99.4	14.2	35.5	76.1	67.4	0.2	0.114	85.5	6.21	3.77	68.49	0.92	99.1	1.3
443033	QUILLEN REHABILITATION HOSPITAL, AJV OF BALLAD HLT	JOHNSON CITY	TN	1.77	99.1	13.2	35.3	58.9	64.8	0.4	0.614	96.8	5.75	3.93	77.77	1.04	99.5	1.1
44T006	SKYLINE REHAB CENTER	NASHVILLE	TN	1.701	100	13.7	30.6	68.8	55.7	0	0.87	96.9	7.67	3.66	62.39	0.99	100	0.3
44T125	PATRICIA NEAL REHABILITATION CENTER	KNOXVILLE	TN	0	100	10.9	22.6	43.6	26.9	0	0.184	98.6	6.84	3.38	56.9	0.93	100	0.4
44T231	TRUSTPOINT HOSPITAL OF MURFREESBORO	MURFREESBORO	TN	0	100	12.6	21.2	60.6	25.9	0	0	76.7	6.59	5.54	57.91	1.03	100	0
453025	TIRR MEMORIAL HERMANN	HOUSTON	TX	1.234	100	11	23	41.7	28.7	0.3	0.625	97.7	6.34	4.33	60.7	1.11	95.8	0.6
453029	HEALTHSOUTH REHABILITATION HOSPITAL OF HUMBLE	HUMBLE	TX	4.373	100	14.3	36.7	71.4	65.5	0	1.452	95.9	7.73	5.05	67.91	1.05	97	0.7
453031	ENCOMPASS HEALTH REHABILITATION HOSPITAL OF SAN AN	SAN ANTONIO	TX	4.271	99.8	12.9	30.6	61.3	54.8	0	0.798	82.5	7.45	3.67	66.74	0.99	96	0.5
453035	WARM SPRINGS REHAB HOSPITAL OF SAN ANTONIO LLC	SAN ANTONIO	TX	0	99.3	11.1	22.8	53.3	32.2	0.1	0.856	86.8	7.15	5	59.38	1.02	96.5	1.2
453036	BAYLOR INSTITUTE FOR REHABILITATION	DALLAS	TX	2.193	100	12.1	28.7	53	47.4	0.2	0.407	95.5	5.84	3.91	64.72	1.01	99.1	0.9
453040	HEALTHSOUTH REHABILITATION HOSPITAL OF ARLINGTON	ARLINGTON	TX	0.501	99.7	13.3	32.9	64.5	58.2	0.3	1.11	83	7.23	5.29	65.82	1.04	99.8	1.9
453047	ENCOMPASS HEALTH REHABILITATION HOSPITAL OF PLANO	PLANO	TX	0.568	99.7	13.6	33.8	69.4	65.8	0.1	1.419	99.3	7.33	5.07	63.81	1.03	98.8	1.7
453053	HEALTHSOUTH  REHABILITATION HOSPITAL OF TEXARKANA	TEXARKANA	TX	0.621	100	13.1	35.7	66.4	68.7	0.1	0.99	93.7	7.24	4.53	67.47	1.08	99.1	1
453054	HEALTHSOUTH REHAB HOSPITAL OF WICHITA FALLS	WICHITA FALLS	TX	1.51	99.9	14.2	30.9	70.1	53.5	0.1	0.469	98.9	6.88	3.79	70.26	1.02	99.7	1.1
453056	CHRISTUS TRINITY MOTHER FRANCES REHABILITATION HOS	TYLER	TX	0	99.9	14	36.9	71.7	72.5	0.2	0.989	97.4	7.62	3.85	70.57	0.94	99.6	0.7
453057	HEALTHSOUTH REHABILITATION OF MIDLAND ODESSA	MIDLAND	TX	0.454	100	14.1	34.9	70.3	63	0.1	1.106	92.4	6.34	3.84	70.88	1.09	97.1	1.1
453065	CHRISTUS ST MICHAEL REHAB HOSPITAL	TEXARKANA	TX	1.925	100	13.4	27.9	66.8	47.8	0	0.418	99.6	6.78	4.97	69.95	0.94	98.4	0.1
453092	SOUTH TEXAS REHABILTATION HOSPITAL	BROWNSVILLE	TX	0.997	99.8	15.2	35.3	73.7	65.7	0	1.124	96.2	7.83	5.38	69.23	1.05	94.4	1.8
453096	VIBRA REHABILITATION HOSPITAL OF AMARILLO	AMARILLO	TX	0.514	100	11.7	28.9	60.7	54.1	0	0.643	99.5	7.31	4.62	54.91	0.96	99.8	0.3
45T032	CHRISTUS GOOD SHEPHERD MEDICAL CENTER - LONGVIEW	LONGVIEW	TX	0.768	100	10.2	18.2	40.5	18.7	0.2	0.341	95.6	9.11	4.5	53.32	1.03	7	1.1
45T046	CHRISTUS SPOHN REHABILITIATION CENTER	CORPUS CHRISTI	TX	1.617	100	10.5	29.2	50.2	52.8	0	0	100	6.3	4.64	62	1.08	98.9	0.5
45T058	BAPTIST HEALTH SYSTEM	SAN ANTONIO	TX	0	99.8	11.9	27.4	56.2	45.9	0	0.228	100	6.96	4.3	59.13	1.02	89.6	0.9
45T107	LAS PALMAS REHABILITATION HOSPITAL	EL PASO	TX	2.199	100	15.5	35.9	76.3	64.5	0.1	0.847	98	7.09	4.37	63.72	1.06	99.9	0.8
45T119	EDINBURG REGIONAL MEDICAL CTR	EDINBURG	TX	0	99.5	14.7	36	75.6	71.7	0.2	0.34	100	7.07	4.47	69.62	1.09	97.8	2
45T184	MEMORIAL HERMANN HOSPITAL	HOUSTON	TX	0.767	100	11.9	28.7	51	47.5	0	1.112	96.5	7.38	4.08	66.33	0.98	98.7	0.4
45T222	CHCA CONROE LP	CONROE	TX	0	100	16	39.7	78.3	78.3	0	0.414	80	6.22	5.06	70.68	1	99.8	1.4
45T231	BSA HEALTH SYSTEM	AMARILLO	TX	0.456	100	13.3	29.6	64.2	53.3	0	1.816	100	7.18	3.91	64.64	0.97	97.3	0.7
45T358	HOUSTON METHODIST HOSPITAL	HOUSTON	TX	1.318	100	10.7	23.2	44.3	32.3	0	0.701	100	6.6	3.97	64.91	1.03	99.3	0.6
45T388	METROPOLITAN METHODIST HOSPITAL	SAN ANTONIO	TX	0	100	15.2	35	76.7	68.3	0	0.448	97.1	6.87	4.41	65.25	0.97	99.7	1.5
45T431	ST DAVIDS MEDICAL CENTER	AUSTIN	TX	1.009	99.9	16.5	39.2	80.7	76.5	0.1	0.076	90.1	6.21	3.41	68.75	1.07	99.7	0.5
45T617	CLEAR LAKE REGIONAL MEDICAL CENTER	WEBSTER	TX	1.173	100	15.2	35.9	79.4	69.9	0	0.64	77.3	6.75	3.83	73.17	1.02	98.8	1
45T668	SIERRA MEDICAL CENTER	EL PASO	TX	0	100	14.3	33.8	72.8	63.9	0	0.284	100	5.97	4.14	65.52	1.16	97.2	3.5
45T775	HCA HOUSTON HEALTHCARE KINGWOOD	KINGWOOD	TX	0.775	99.5	16.5	41.4	84.1	81.5	0.2	0.735	71.4	7.72	4.72	72.39	1.01	99.7	2.7
45T869	DOCTORS HOSPITAL AT RENAISSANCE	EDINBURG	TX	2.221	100	13.2	33.9	62.7	64.9	0	0.958	98.1	7.62	4.8	65.19	0.98	88	0.6
46T001	UTAH VALLEY HOSPITAL	PROVO	UT	1.214	100	12.7	33.5	62.8	66.3	0	0.394	100	6.16	4.97	71.02	1.18	95.5	1.7
46T009	UNIVERSITY OF UTAH HOSPITALS AND CLINICS	SALT LAKE CITY	UT	0.667	100	13	31.1	60.6	52.8	0	1.147	100	6.57	4.91	63.78	1.05	98.1	1.4
47T003	THE UNIVERSITY OF VERMONT MEDICAL CENTER INPATIENT	COLCHESTER	VT	2.307	99.5	11.3	28.1	50.5	44.6	0.3	0.711	61.2	6.01	4.06	61.71	1.01	99.2	0.8
493025	SHELTERING ARMS HOSPITAL	MECHANICSVILLE	VA	1.095	100	13.1	32.5	63.6	63.2	0	0.401	88.8	6.67	3.86	68.29	1.03	73.3	2.3
493027	RIVERSIDE REHABILITATION INSTITUTE	YORKTOWN	VA	0.615	99.8	12	29.7	49.9	51.9	0	0.505	96.6	7.03	4.8	60.3	0.99	98.7	1.7
493029	UNIVERSITY OF VIRGINIA - HEALTHSOUTH, LLC	CHARLOTTESVILLE	VA	0.831	99.2	12.8	33.8	63.6	66.6	0.3	0.767	95.1	6.55	4.97	69.92	0.94	99.5	0.9
493033	ENCOMPASS HEALTH REHAB HOSPITAL OF NORTHERN VA	ALDIE	VA	0.951	99.9	12.5	33.1	62.9	63.9	0.1	0.768	97.1	6.24	4.68	74.26	0.97	98.9	1.5
49T024	CARILION CLINIC REHABILITATION	ROANOKE	VA	0.915	100	13.9	33.1	68.2	62.8	0	2.148	78.5	5.93	5.3	62.11	1.21	100	0.2
49T032	VCUHS	RICHMOND	VA	0	100	10.8	22.3	44	27.4	0	1.294	94.9	6.67	4.42	61.26	1.07	100	0.3
49T048	LEWIS-GALE MEDICAL CENTER	SALEM	VA	1.742	99.8	13.8	33.6	68	63.9	0.2	1.532	76.3	7.48	5.05	66.01	0.98	99.8	2.1
49T112	CJW MEDICAL CENTER	RICHMOND	VA	1.392	99.5	14.4	35	71.2	69.6	0.1	0	90.6	6.33	4.5	71.37	0.96	100	2.7
49T122	INOVA REHAB CENTER@INOVA MOUNT VERNON HOSPITAL	ALEXANDRIA	VA	0.999	100	11.8	27.1	54.1	46.8	0.1	0.115	96.2	6.06	5.33	64.54	0.96	97.4	1.5
503025	ST LUKES REHABILITATION INSTITUTE	SPOKANE	WA	0.825	99.8	11.7	26.9	50.8	44.4	0	0.648	90.3	5.81	4.59	62.34	1.01	99.7	0.4
50T008	UNIVERSITY OF WASHINGTON MED CTR	SEATTLE	WA	0	100	11.5	21.8	44.2	23.9	0	0.467	100	6.64	4.06	65.16	0.86	95.3	0.8
50T014	PROVIDENCE EVERETT MEDICAL CENTER	EVERETT	WA	2.288	100	11.6	25.2	51.9	43.2	0	0	84	6.29	3.67	66.67	0.81	97.2	0.3
50T064	HARBORVIEW MEDICAL CENTER	SEATTLE	WA	0.746	100	10.7	25.5	39.2	42.2	0	0	91.1	6.71	4.41	57.99	1	99.2	3
50T079	MULTICARE GOOD SAMARITAN HOSPITAL	PUYALLUP	WA	0.27	99.8	12.5	30.7	55.8	53	0.7	0	98.2	5.85	3.91	70.8	0.95	98.3	0.4
513026	ENCOMPASS HEALTH REHAB HOSPITAL OF PRINCETON	PRINCETON	WV	0	100	13.4	38.5	66.8	74.6	0.6	0.795	80.6	8.62	4.57	68.56	1	100	1
513027	ENCOMPASS HEALTH REHAB HOSPITAL OF PARKERSBURG	PARKERSBURG	WV	0	100	13	33.6	67.3	65.1	0.2	0.239	94.7	8.48	6.18	65.36	0.97	99.2	0.8
513028	ENCOMPASS HEALTH REHAB HOSPITAL OF HUNTINGTON	HUNTINGTON	WV	2.431	99.9	14.3	40.4	68.1	74.9	0.1	1.23	95.9	7.52	4.22	74.2	1.02	99.2	1.2
513030	ENCOMPASS HEALTH REHAB HOSPITAL OF MORGANTOWN	MORGANTOWN	WV	0	100	13.1	34	61.9	65.4	0.1	0.643	87.2	6.62	3.85	66.67	0.94	99.1	1.5
51T022	CHARLESTON AREA MED CNTR	CHARLESTON	WV	0.733	100	11	25.6	43.1	37.9	0	0.676	97.7	6.82	4.8	73.23	0.98	97.9	0.3
52T138	AURORA HEALTH CARE METRO INC	MILWAUKEE	WI	0	99.6	11.7	26.9	52.5	45.3	0	0.698	97	7.01	3.77	65.25	0.85	96.5	1.4
673027	CENTRAL TEXAS REHABILITATION HOSPITAL	AUSTIN	TX	0	99.7	14.3	30.4	74.2	54	0.3	0	91.5	6.43	4.34	64.76	1	99.4	1.2
673029	ENCOMPASS HEALTH REHABILITAITON HOSPITAL OF RICHAR	RICHARDSON	TX	1.436	100	13.7	35.6	70.3	71	0	0.735	91.1	6.93	5.17	66.21	1.04	99.3	2.4
673031	METHODIST REHABILITATION HOSPITAL	DALLAS	TX	1.951	99.8	13.7	33.3	68.7	61.9	0	0	89	5.81	4.53	69.59	0.98	99.3	0.5
673032	RELIANT REHABILITATION HOSPITAL OF CENTRAL TEXAS	ROUND ROCK	TX	3.241	99.7	13.6	32.9	68.8	58.9	0.4	0.851	87	6.86	3.88	69.94	1.03	98.9	0.1
673034	RELIANT REHABILITATION HOSPITAL NORTH HOUSTON	SHENANDOAH	TX	1.494	100	11.8	29.9	53.8	52.2	0.1	0.756	92.4	6.59	4.64	68.56	1.05	98.7	0.3
673036	SELECT REHABILITATION HOSPITAL OF DENTON	DENTON	TX	1.535	100	11.4	26.5	48.9	43.4	0	0.539	89.9	6.8	4.01	65.39	0.95	99.7	1.2
673038	MEMORIAL HERMANN REHABILITATION HOSPITAL KATY	KATY	TX	0	100	13.5	28.8	65.8	48.9	0	0.944	94.5	6.68	4.82	60.14	1	99.7	1.4
673039	RELIANT REHABILITATION HOSPITAL  ABILENE	ABILENE	TX	1.376	99.8	15.3	36.3	76.3	66.5	0.1	0.884	96.4	6.65	5.53	67.57	1	99.3	1.3
673042	ENCOMPASS HEALTH REHABILITATION HOSPITAL OF SUGAR	SUGAR LAND	TX	0	99.6	13.4	27.5	65.7	43.4	0.1	0	94.8	7.03	4.9	68.97	1.01	98.7	2.3
673043	ENCOMPASS HEALTH REHABILITATION HOSPITAL OF DALLAS	DALLAS	TX	0.894	100	13.3	32.4	67.1	58.3	0.1	1.588	93.2	6.9	4.07	66.9	1.02	99.4	0.1
673048	TEXAS REHABILITATION HOSPITAL	FORT WORTH	TX	2.486	99.8	14.6	32.9	70.2	62.2	0.5	0.55	86.2	6.31	3.97	73.01	1.04	99.4	0.2
673050	HEALTHSOUTH REHABILITATION HOSPITAL OF CYPRESS	HOUSTON	TX	0	100	10.2	29.2	39.3	51.1	0.3	1.126	89.5	7.46	5.13	67.39	1.05	99.7	0.7
673053	CORPUS CHRISTI REHABILITATION HOSPITAL LLC	CORPUS CHRISTI	TX	0	100	14.3	32.1	70.6	58.4	0.2	0	97.8	6.89	4.39	64.79	1.04	95.7	1.1
673056	PAM REHABILITATION HOSPITAL OF VICTORIA	VICTORIA	TX	3.159	99.9	10.1	25.7	38.6	38.9	0	0	91.2	6.71	4.55	55.45	0.99	89.1	0.7
673061	PAM REHABILITATION HOSPITAL OF CLEAR LAKE	WEBSTER	TX	3.59	99.7	13.9	29.3	69.8	52.7	0.1	1.103	56.5	7.24	5.13	62.49	1.01	91.7	1.6
673063	TRUSTPOINT REHAB HOSPITAL OF LUBBOCK	LUBBOCK	TX	0.944	99.9	16.4	37.2	77.4	67.4	0.2	1	98.8	5.7	4.5	66.76	1.06	100	0.6
673065	CHI ST JOSEPH HEALTHSOUTH REHABILITATION HOSPITAL	BRYAN	TX	2.4	100	14.3	38.3	75.1	75.1	0.5	0.449	99	7.26	4.66	69.17	1	98.3	0.3
